text, label, notes
The Celtics' three-point-heavy offense works over an 82-game season because shooting variance evens out, but in a seven-game series the strategy becomes more volatile. Analysis. "Explains playoff vs regular season differences"
Teams can develop specific counters in playoff series because they repeatedly face the same opponent, making one-dimensional offensive systems easier to defend. Analysis. "Uses Strategic reasoning."
The Celtics generated plenty of open three-point attempts, suggesting shot-making rather than offensive design was the primary issue. Analysis. "Evidence based argument."
Open and wide-open three-point shooting percentages show Boston missed many uncontested shots that would normally be expected to fall. Analysis. "Uses Statistics."
The Celtics' system depends heavily on three-point efficiency; when the shots are not falling, the offense struggles to generate alternative scoring opportunities. Analysis. "Basketball reasoning".
Boston lacked reliable dribble penetration outside of a few players, limiting their ability to diversify the offense. Analysis. "Roster construction argument".
Maxey's ability to pressure the rim gave Philadelphia an offensive dimension that Boston lacked late in the game. Analysis. "Player impact explanation".
The zone defense disrupted Philadelphia's offensive flow because the Sixers have historically struggled against zone coverage. Analysis. "Tactical observation".
Some of Boston's late-game three-point attempts were rushed because the team appeared to panic when trailing. Analysis. "Game-flow analysis."
The Sixers defended the paint effectively, forcing Boston into more perimeter shots than they preferred. Analysis. "Defensive strategy discussion."
Boston's championship run was built on ball movement creating open shots rather than simply taking a large volume of three-pointers. Analysis. "Nuanced team evaluation."
Losing multiple veteran contributors changed Boston's roster construction and defensive identity this season. Analysis. "Roster analysis."
Young role players gained valuable playoff experience that could improve the team's future postseason performance. Analysis. "Development-focused reasoning."
Turning down available layups for kick-out three-pointers may have reduced Boston's offensive efficiency during key stretches. Analysis. "Shot-selection analysis."
The Celtics' success depended not only on shooting but also on elite defense, which was weaker this season due to personnel changes. Analysis. "Multi-factor argument"
The Celtics are just a coin-flip team. hot_take. "unsupported claim". 
"Make the Celtics play basketball and you'll beat them." hot_take. "unsupported claim."
"The James Harden of strategies". hot_take. "very bold."
"Mitchell struggled against Toronto's defense because he repeatedly tried to dribble through soft double teams, leading to turnovers and difficult shots.", analysis ,"Defensive scheme discussion."
"The Raptors' soft doubles have consistently disrupted Mitchell's offensive rhythm throughout the series.", analysis ,"Tactical observation."
"Mitchell's late-game scoring helped fuel Cleveland's comeback despite his overall struggles in the matchup.", analysis ,"Balanced player evaluation."
"Reed's impact shows that Detroit may have benefited from giving him more minutes earlier in the series.", analysis ,"Rotation analysis."
"Rui's ability to stretch the floor with consistent three-point shooting makes him a valuable piece for next season.", analysis ,"Roster evaluation."
"The Rockets' poor three-point shooting significantly limited their ability to keep pace with the Lakers.", analysis ,"Stat-based observation."
"Houston's offense struggled because they shot under 20 percent from three and failed to create efficient scoring opportunities.", analysis, "Uses game statistics."
"The Lakers controlled the rebounding battle, which created additional possessions and helped secure the win.", analysis ,"Basketball reasoning."
"Toronto's ball movement was reflected in their higher assist total and helped create better offensive opportunities.", analysis ,"Stat-supported argument."
"Game 7 may depend heavily on how Cleveland adjusts to Toronto's defensive pressure on Mitchell.", analysis ,"Series analysis."
"Rui should definitely be part of the Lakers' long-term plans.", hot_take , "Opinion with little support."
"Kevin Durant has become an anchor for every team he's joined since leaving Golden State.", hot_take ,"Strong unsupported claim."
"No contender should trade for Durant at this point in his career.",hot_take,"Bold prediction"
"The Cavaliers have no chance of winning Game 7 if Mitchell keeps playing this way.",hot_take,"Overreaction"
"The Rockets need to blow up the roster and start over.",hot_take,"Extreme conclusion"
"Toronto is winning this series no matter what adjustments Cleveland makes.",hot_take,"Absolute claim"
"Mitchell is the biggest reason Cleveland is struggling in this series.",hot_take,"Oversimplified blame"
"The Lakers are clearly championship favorites after this performance.",hot_take,"Single-game overreaction"
"Durant's contract is completely untradeable.",hot_take,"Unsupported certainty"
"The Magic never belonged in the playoffs.",hot_take,"Extreme evaluation."
"See what happens when you let Reed play?",reaction,"Emotional reaction."
"Duren has been trash all series.",reaction,"Frustrated response."
"Rui popped off again tonight.",reaction,"Excited reaction."
"Some team will talk themselves into trading for Durant.",reaction,"Casual observation."
"What's next for KD and the Rockets?",reaction,"Discussion prompt."
"Toronto's defense has been effective against Mitchell because the soft doubles force him into turnovers and difficult shots.",analysis,"Defensive scheme discussion"
"Mitchell's late-game scoring showed his value, but his overall efficiency suffered against Toronto's defensive pressure.",analysis,"Balanced player analysis"
"Some playoff situations require a score-first guard because certain matchups demand individual shot creation.",analysis,"Matchup-based reasoning"
"Basketball outcomes are highly dependent on matchup dynamics, which can make different star players more valuable in different situations.",analysis,"General basketball analysis"
"Indiana struggled late because Haliburton repeatedly deferred to teammates instead of taking control offensively.",analysis,"Player decision-making"
"Turner's reluctance to shoot after several misses hurt Indiana's offensive spacing late in the game.",analysis,"Specific game observation"
"OKC's defensive pressure forced Indiana into difficult possessions during the final six minutes.",analysis,"Tactical analysis"
"Pascal Siakam could have helped relieve pressure on Haliburton, but Indiana failed to involve him consistently.",analysis,"Offensive strategy discussion"
"Indiana's late-game execution was hurt by mental mistakes and poor offensive possessions.",analysis,"Game-flow analysis"
"Winning despite making only three three-pointers demonstrates how effective Oklahoma City's defense was throughout the game.",analysis,"Uses game statistics"
"Indiana appeared to tighten up under the pressure of taking a commanding series lead.",analysis,"Psychological game analysis"
"OKC capitalized on Indiana's mistakes while maintaining composure during critical possessions.",analysis,"Performance analysis"
"The Thunder repeatedly forced the Pacers to begin offensive actions far from the basket, disrupting their normal rhythm.",analysis,"Defensive strategy"
"Screen navigation by Oklahoma City's defenders prevented Indiana from running its preferred offensive sets.",analysis,"X's and O's discussion"
"Using Jalen Williams and Caruso to bring the ball up reduced the physical burden on Gilgeous-Alexander late in the game.",analysis,"Coaching adjustment"
"Indiana's trapping defense disrupted Oklahoma City's offense for much of the first three quarters.",analysis,"Defensive analysis"
"Frequent fouls slowed the pace of the game and shifted the matchup toward Oklahoma City's preferred half-court style.",analysis,"Strategic observation"
"The Pacers rely heavily on transition opportunities and movement offense, making stoppages more damaging to their effectiveness.",analysis,"Style-of-play analysis"
"Oklahoma City's playoff net rating suggests they have performed at a historically elite level during the postseason.",analysis,"Uses statistical evidence"
"Indiana's defense has matched Oklahoma City's physicality better than most playoff opponents this season.",analysis,"Comparative team analysis"
"The Thunder were exposed as a regular-season team.",hot_take,"Strong unsupported claim"
"Donovan Mitchell would have been far better than Haliburton in this situation.",hot_take,"Speculative comparison"
"OKC is definitely winning the series now.",hot_take,"Confident prediction"
"The Pacers completely choked away the game.",hot_take,"Overreaction"
"The Thunder are historically elite and nobody can stop them.",hot_take,"Extreme conclusion"
"SGA's three-pointer felt like the moment the comeback became inevitable.",reaction,"Emotional observation"
"This series has been awesome to watch.",reaction,"Personal reaction"
"The Pacers really blew a golden opportunity.",reaction,"Emotional response"
"I had no idea there was a game yesterday.",reaction,"Personal reaction"
"People complain too much instead of enjoying great basketball.",reaction,"General reaction"
"Kevin Durant has become the ultimate anchor since leaving Golden State.",hot_take,"Extreme player evaluation"
"Yesterday's hero is tomorrow's villain.",hot_take,"Broad unsupported claim"
"People are going to despise Wemby if the Spurs keep winning.",hot_take,"Prediction without evidence"
"The Thunder are hated more than any team in recent NBA history.",hot_take,"Strong claim without data"
"Paolo has the highest hated-to-respected ratio among NBA stars.",hot_take,"Unsupported comparison"
"The Spurs took their popularity for granted.",hot_take,"Generalized opinion"
"The Magic are hated because everyone thinks they're dirty.",hot_take,"Sweeping claim"
"The Thunder don't flop enough, honestly.",hot_take,"Provocative opinion"
"Nobody outside Oklahoma likes the Thunder.",hot_take,"Overgeneralization"
"The Lakers have fallen so far that people feel bad for them now.",hot_take,"Narrative claim"
"People REALLY hate OKC huh?",reaction,"Emotional observation"
"How tf are we so high up?!",reaction,"Surprised reaction"
"Holy crap lol",reaction,"Pure reaction"
"That is wild af lmao!",reaction,"Emotional response"
"My mind has been absolutely blown.",reaction,"Reaction"
"That's insane lmaooo.",reaction,"Reaction"
"What the actual fck?",reaction,"Reaction"
"Magic ahead of the Lakers is crazy.",reaction,"Reaction"
"Bro why is Orlando hated?",reaction,"Reaction/question"
"We won something this year.",reaction,"Humorous reaction"
"OKC's elimination thread received more engagement than many historic NBA events, indicating widespread negative sentiment toward the team.",analysis,"Uses evidence to support conclusion"
"The Spurs became less popular because their Finals collapse changed public perception of the team.",analysis,"Cause-and-effect reasoning"
"The Lakers receive fewer hate votes now because injuries and lower expectations reduce public attention.",analysis,"Reasoned explanation"
"The Magic's high ranking may be tied to blowing a 3-1 series lead and developing a reputation for physical play.",analysis,"Explains trend"
"Teams that advance deeper into the playoffs naturally accumulate more attention and criticism from fans.",analysis,"General basketball reasoning"
"The Knicks' offensive explosion was so large that they had enough points to win the game before the third quarter was over.",analysis,"Uses game context"
"The Hawks missed more field goals than the Knicks made, which highlights how dominant New York was.",analysis,"Stat-based observation"
"The Knicks went on a 67-13 run during the game, showing how completely they controlled the matchup.",analysis,"Uses evidence"
"Brunson's role may be more effective when the offense is less dependent on him dominating the ball.",analysis,"Basketball reasoning"
"The Knicks' defensive pressure generated more steals than the Hawks had shot attempts during stretches of the game.",analysis,"Game analysis"
"The Knicks will beat either of these teams by 50.",hot_take,"Extreme prediction"
"Quin Snyder is the most overrated coach in the league.",hot_take,"Strong unsupported opinion"
"The Hawks have nothing to build around and need another number one pick.",hot_take,"Extreme team evaluation"
"This would have been a better series if the Hornets played the Knicks instead.",hot_take,"Bold claim"
"We regret letting go of a generational talent in Kuminga.",hot_take,"Exaggerated player evaluation"
"Go Knicks.",reaction,"Cheering"
"Damn Celtics.",reaction,"Emotional response"
"I still can't believe what I just watched.",reaction,"Reaction"
"Bro what the hell.",reaction,"Reaction"
"Historical night. LETS GO NEW YORK.",reaction,"Celebration"
"New York is going to be crazy tonight.",reaction,"Reaction"
"Hawks fans MIA in the thread.",reaction,"Observation"
"Triple double on one made field goal is insane.",reaction,"Reaction"
"That's some Draymond stuff.",reaction,"Reaction"
"Wow.",reaction,"Reaction"
"Kevin Durant has become the ultimate anchor since leaving Golden State.",hot_take,"Extreme player evaluation"
"The Minneapolis Lakers titles should not count toward the Lakers' championship total.",hot_take,"Provocative historical claim"
"SGA has two undeserving MVP awards.",hot_take,"Unsupported player criticism"
"Kobe was carried by Shaq.",hot_take,"Controversial player evaluation"
"Pat Riley would be an average executive if he worked in Minnesota instead of Miami.",hot_take,"Strong unsupported claim"
"The Lakers will never win another championship while LeBron is on the roster.",hot_take,"Bold prediction"
"Trading Luka was the right move.",hot_take,"Controversial opinion"
"Steph Curry is not a true point guard.",hot_take,"Player evaluation"
"Curry's championships with Durant are just as weak as Durant's championships with Curry.",hot_take,"Legacy argument"
"The Cavaliers are irrelevant whenever LeBron is not on the roster.",hot_take,"Franchise evaluation"
"The Knicks won because they had an easy playoff path.",hot_take,"Championship criticism"
"Good chance Wembanyama won't be playing at this level in five years.",hot_take,"Future prediction"
"Bill Laimbeer was just a thug.",hot_take,"Player criticism"
"The Pacers have never won a ring.",hot_take,"Provocative franchise statement"
"Paul George for SGA, Gallinari, five first-round picks, and two swaps.",hot_take,"Trade regret discussion"
"Popovich removed Duncan to improve perimeter switching, but the decision contributed to Miami securing a crucial rebound.",analysis,"Specific strategic explanation"
"The Luka trade was damaging largely because Dallas failed to create a bidding war and maximize the return.",analysis,"Reasoned argument"
"The return package mattered more than the decision to trade Luka itself.",analysis,"Nuanced analysis"
"Historical evidence suggests extremely tall players often face durability challenges over long careers.",analysis,"Uses precedent"
"The Cavaliers have remained competitive in multiple eras despite relying heavily on LeBron for championship success.",analysis,"Balanced franchise evaluation"
"This is the one.",reaction,"Reaction"
"I am actually crying because Kobe fans are furious.",reaction,"Reaction"
"I'm calling the police.",reaction,"Humorous reaction"
"You bastard.",reaction,"Reaction"
"This hurts as a Clippers fan.",reaction,"Emotional response"
"My dad would not like you.",reaction,"Reaction"
"Oof.",reaction,"Reaction"
"You can't hurt me anymore.",reaction,"Reaction"
"Think we found the winner.",reaction,"Reaction"
"The Clippers did not necessarily lose the Paul George trade because the team still reached a Western Conference Finals.",analysis,"Evaluates trade outcome using team results"
"Popovich removed Duncan to improve perimeter defense, but that choice left the Spurs vulnerable on the rebound that led to Allen's shot.",analysis,"Specific tactical explanation"
"The Spurs likely would have won the championship if Allen had missed because the game situation strongly favored San Antonio.",analysis,"Reasoning based on game context"
"The Luka trade became especially damaging because Dallas failed to maximize the return through an open bidding process.",analysis,"Front office analysis"
"The return package mattered more than the decision to trade Luka itself.",analysis,"Nuanced argument"
"Historical evidence suggests extremely tall players often face durability issues throughout their careers.",analysis,"Uses historical precedent"
"Wembanyama's long-term health concerns are partly related to previous cases involving players of similar size.",analysis,"Evidence-based projection"
"The Cavaliers' historical success is closely tied to LeBron's presence, although the franchise has still produced competitive teams without him.",analysis,"Balanced franchise evaluation"
"The Pacers' ABA championships remain relevant when discussing the franchise's overall basketball history.",analysis,"Historical reasoning"
"The ABA was viewed by many as highly talented despite lacking the NBA's financial resources.",analysis,"Historical analysis"
"The Lakers originally did not emphasize Minneapolis championships in their branding as much as they do today.",analysis,"Historical observation"
"Public opinion often shifts quickly when a young star begins winning consistently.",analysis,"Explains fan behavior"
"Championships tend to reduce the impact of criticism because winning changes how fans evaluate a team.",analysis,"General sports reasoning"
"The backlash to the Luka trade was driven by both the decision itself and the quality of the return package.",analysis,"Cause-and-effect reasoning"
"Many fans were more upset by the compensation Dallas received than by the idea of trading Luka.",analysis,"Nuanced distinction"
"Extremely successful franchises accumulate memorable losses because they play more meaningful postseason games.",analysis,"Historical reasoning"
"The Ray Allen shot remains painful because it directly prevented a championship-clinching victory.",analysis,"Explains significance"
"Franchise narratives are often shaped by a small number of iconic moments rather than entire seasons.",analysis,"Sports narrative analysis"
"Repeated playoff failures can permanently affect how fans evaluate coaches and executives.",analysis,"Long-term evaluation"
"Player legacy debates often focus more on championships and awards than on complete career performance.",analysis,"Discussion of evaluation criteria"
"Wembanyama's value before the draft depended on balancing his enormous upside against the uncertainty of an unproven prospect.",analysis,"Expected value discussion"
"Evaluating Wembanyama before he entered the NBA required comparing a known star to a high-upside unknown asset.",analysis,"Risk versus certainty"
"Draft prospects are often evaluated based on expected value rather than guaranteed outcomes.",analysis,"General draft reasoning"
"Wembanyama's durability concerns were reasonable because players with similar size historically struggled to stay healthy.",analysis,"Historical precedent"
"There was no historical precedent for a player with Wembanyama's size moving and handling the ball the way he does.",analysis,"Player archetype analysis"
"Many concerns about Wembanyama focused on whether his frame could withstand the physical demands of an NBA career.",analysis,"Injury analysis"
"People viewed Zion differently before the injuries because he was producing elite scoring numbers at a very young age.",analysis,"Contextual player evaluation"
"Zion's reputation changed more because of injuries than because of a decline in basketball ability.",analysis,"Cause-and-effect reasoning"
"At the time, believing Trae Young was more valuable than an unproven prospect was a defensible position.",analysis,"Historical context"
"Hindsight makes draft evaluations appear easier than they actually were at the time.",analysis,"Decision-making analysis"
"Wembanyama's success has benefited from joining a stable organization with a strong developmental structure.",analysis,"Organizational impact"
"Player development outcomes can change dramatically depending on coaching and organizational support.",analysis,"Development analysis"
"Highly skilled big men often require specialized development plans to maximize their potential.",analysis,"Player development"
"Chet Holmgren's trajectory illustrates how injuries can significantly alter expectations for young prospects.",analysis,"Comparative reasoning"
"Even elite prospects are vulnerable to career-altering injuries, making draft evaluations inherently uncertain.",analysis,"Risk assessment"
"The Grizzlies' core once appeared positioned to become a long-term contender before unexpected setbacks changed perceptions.",analysis,"Franchise trajectory analysis"
"Public opinion on young stars can shift rapidly when off-court issues or injuries emerge.",analysis,"Narrative analysis"
"Championship expectations often depend as much on roster construction as individual talent.",analysis,"Team-building analysis"
"A generational player alone is rarely enough to guarantee multiple championships.",analysis,"Roster construction argument"
"The Spurs still need to surround Wembanyama with championship-level talent despite his individual greatness.",analysis,"Roster discussion"
"Projecting future championships is difficult because injuries, roster changes, and league competition are unpredictable.",analysis,"Long-term forecasting"
"Teams frequently overvalue certainty when evaluating established stars versus elite prospects.",analysis,"Asset valuation"
"The Luka versus Wembanyama discussion highlights the tension between proven production and future upside.",analysis,"Trade value analysis"
"Evaluating prospects requires accounting for both talent level and probability of reaching that talent level.",analysis,"Expected value framework"
"History shows that many seemingly untouchable young stars can lose value due to injuries, performance decline, or off-court issues.",analysis,"Historical pattern"
"People were hesitant to trade established stars for Wembanyama because proven playoff production carries less risk than a prospect who has never played an NBA game.",analysis,"Known production versus uncertainty"
"The difference between evaluating Wembanyama before and after the draft is that much of the uncertainty surrounding his development has already been removed.",analysis,"Draft evaluation reasoning"
"Ja Morant's value declined largely because off-court issues became a significant factor in evaluating his future.",analysis,"Player value analysis"
"Zion's decline in trade value was driven more by availability concerns than by a lack of basketball talent.",analysis,"Injury impact discussion"
"A player's long-term reputation is often shaped as much by health and consistency as by peak performance.",analysis,"Career evaluation"
"Teams that build around a generational player still need strong supporting talent because individual greatness alone rarely guarantees championships.",analysis,"Roster construction analysis"
"The reaction to old draft discussions shows how much hindsight can distort the way fans remember prospect evaluations.",analysis,"Fan perception analysis"
"Any team would trade the Wembanyama pick for Luka 10 out of 10 times.",hot_take,"Absolute claim"
"Wembanyama is the only prospect since LeBron worth trading Luka for.",hot_take,"Bold player comparison"
"The Luka trade was completely braindead.",hot_take,"Extreme evaluation"
"Zion and Ja are basically busts now.",hot_take,"Overly broad conclusion"
"Wembanyama is already much better than anyone expected.",hot_take,"Strong claim"
"Wembanyama will be a top three player in the league for a long time.",hot_take,"Future prediction"
"Wembanyama will probably become the best player in the NBA soon.",hot_take,"Speculative prediction"
"The Spurs are pretty much guaranteed multiple championships with Wembanyama.",hot_take,"Championship prediction"
"No one should temper expectations for Wembanyama.",hot_take,"Absolute stance"
"Trae Young was massively overrated by Hawks fans.",hot_take,"Player criticism"
"The Grizzlies' core was never as good as people thought.",hot_take,"Revisionist claim"
"People who wouldn't trade Trae for Wembanyama were delusional.",hot_take,"Dismissive opinion"
"Wembanyama has a top-10-all-time floor if he stays healthy.",hot_take,"Extreme projection"
"There is no player under 25 I would take over Wembanyama.",hot_take,"Absolute ranking"
"Trading Shai for Wembanyama would still be worth considering today.",hot_take,"Controversial opinion"
"That aged like guacamole left out on the counter.",reaction,"Humorous reaction"
"Man that did not age well lmao.",reaction,"Reaction to hindsight"
"A visionary.",reaction,"Short reaction"
"Those Ja arguments are hilarious now.",reaction,"Reaction"
"LOL.",reaction,"Reaction"
"Insider trading. It was Nico.",reaction,"Joke"
"How far those three have fallen, damn.",reaction,"Emotional observation"
"I'd quit Reddit too if I were a Mavs fan.",reaction,"Reaction"
"God, it's insane how much better he is than we thought.",reaction,"Reaction"
"I call dibs on the legs.",reaction,"Joke"
"Glad to have been proven wrong so far.",reaction,"Personal reaction"
"I bought into the hype right away.",reaction,"Personal reaction"
"Hell yeah, someone kept receipts.",reaction,"Reaction"
"This is so sad for Hawks fans.",reaction,"Reaction"
"Hopefully Wembanyama gets to reach his full potential.",reaction,"Personal sentiment"





































































































































































